{"cameraMode":{"drawMode":0,"name":"Shaded","section":"Shading Mode"},"sceneLighting":true,"audioPlay":false,"sceneViewState":{"showFog":true,"showMaterialUpdate":false,"showSkybox":true,"showFlares":true,"showImageEffects":true,"showParticleSystems":true,"showVisualEffectGraphs":true,"m_FxEnabled":false},"in2DMode":false,"pivot":{"x":14.915443420410157,"y":26.76424789428711,"z":-31.52758026123047},"rotation":{"x":-0.36441487073898318,"y":-0.050282012671232226,"z":0.01959925889968872,"w":-0.9298366904258728},"size":11.589364051818848,"orthographic":true}