{"cameraMode":{"drawMode":0,"name":"Shaded","section":"Shading Mode"},"sceneLighting":true,"audioPlay":false,"sceneViewState":{"showFog":true,"showMaterialUpdate":false,"showSkybox":true,"showFlares":true,"showImageEffects":true,"showParticleSystems":true,"showVisualEffectGraphs":true,"m_FxEnabled":false},"in2DMode":false,"pivot":{"x":63.43126678466797,"y":16.1064510345459,"z":121.94155883789063},"rotation":{"x":0.0014999669510871173,"y":0.005999951157718897,"z":-0.000009000023055705242,"w":0.9999805688858032},"size":97.64683532714844,"orthographic":false}