{"cameraMode":{"drawMode":0,"name":"Shaded","section":"Shading Mode"},"sceneLighting":true,"audioPlay":false,"sceneViewState":{"showFog":true,"showMaterialUpdate":false,"showSkybox":true,"showFlares":true,"showImageEffects":true,"showParticleSystems":true,"showVisualEffectGraphs":true,"m_FxEnabled":false},"in2DMode":false,"pivot":{"x":4.349999904632568,"y":22.670000076293947,"z":-35.0099983215332},"rotation":{"x":0.023981105536222459,"y":0.037481337785720828,"z":-0.0008975102100521326,"w":0.999017059803009},"size":667.6229248046875,"orthographic":true}