{"cameraMode":{"drawMode":0,"name":"Shaded","section":"Shading Mode"},"sceneLighting":true,"audioPlay":false,"sceneViewState":{"showFog":true,"showMaterialUpdate":false,"showSkybox":true,"showFlares":true,"showImageEffects":true,"showParticleSystems":true,"showVisualEffectGraphs":true,"m_FxEnabled":false},"in2DMode":false,"pivot":{"x":64.95381927490235,"y":17.391223907470704,"z":-32.03303527832031},"rotation":{"x":0.023981105536222459,"y":0.037481337785720828,"z":-0.0008975102100521326,"w":0.999017059803009},"size":75.84429931640625,"orthographic":true}