{"cameraMode":{"drawMode":0,"name":"Shaded","section":"Shading Mode"},"sceneLighting":true,"audioPlay":false,"sceneViewState":{"showFog":true,"showMaterialUpdate":false,"showSkybox":true,"showFlares":true,"showImageEffects":true,"showParticleSystems":true,"showVisualEffectGraphs":true,"m_FxEnabled":false},"in2DMode":false,"pivot":{"x":63.95985412597656,"y":30.82189178466797,"z":-41.80824661254883},"rotation":{"x":0.023981105536222459,"y":0.037481337785720828,"z":-0.0008975102100521326,"w":0.999017059803009},"size":21.370607376098634,"orthographic":true}